ANNUAL CYCLE OF SEA SURFACE TEMPERATURE AND SALINITY AT LANGARA ISLAND. AVERAGES COMPUTED WITH A TIME BASE OF 1956 THROUGH 1991,,,,,,,,,,,,,,,,,,,,,,
,JAN,FEB,MAR,APR,MAY,JUN,JUL,AUG,SEP,OCT,NOV,DEC,,,,,,,,,,
Temperature average ( C ),6.3,6.2,6.4,7.1,8.3,9.7,11.0,11.7,11.7,10.6,8.6,7.2,,,,,,,,,,
Temperature Standard Deviation,0.88,0.93,0.82,0.71,0.67,0.73,0.72,0.70,0.95,0.67,0.78,0.71,,,,,,,,,,
Salinity average (PSU),32.0,32.0,32.1,32.1,32.1,32.0,31.9,32.0,32.0,31.9,31.8,31.9,,,,,,,,,,
Salinity Standard Deviation,0.21,0.26,0.26,0.31,0.35,0.35,0.34,0.27,0.24,0.27,0.29,0.31,,,,,,,,,,
